id,name,type,axial,L,R,ang,pid
0,soma,1,True,0.0,5.96,0.0,0
1,basal,3,False,200.0,0.28452,-0.7071067811865476,0
2,somaapical,4,False,200.0,0.7905,0.7071067811865476,0
3,proxtrunk,4,True,200,1.10192786,1.5707963267948966,0
4,proxapical,4,False,200.0,0.615524,0.0,3
5,midtrunk,4,True,300.0,1.256428,1.5707963267948966,3
6,disttrunk,4,True,200.0,0.616776,1.5707963267948966,5
7,tuft,4,False,500.0,0.2720864,1.309,6