id,name,type,axial,L,R,ang,pid
0,soma,1,True,0.0,6.0,0.0,0
1,basal,3,False,200.0,0.5,-0.7071067811865476,0
2,apical,4,False,200.0,0.5,0.0,0
3,trunk,4,True,400.0,0.5,1.5707963267948966,0
4,tuft,4,False,200.0,0.5,0.7071067811865476,3
