id,name,type,axial,L,R,ang,pid
0,soma,1,True,0.0,6.6606,0.0,0
1,axon,2,True,34.608,0.324,-1.5707963267948966,0
2,basal,3,False,203.727,0.242,-0.6652152231882891,0
3,apical,4,False,163.95,0.22,0.0,0
4,trunk,4,True,486.773,0.31,1.5707963267948966,0
5,tuft,4,False,137.258,0.176,0.9207381738027529,4
